{"train_loss": 2424.682861328125, "_timestamp": 1711997426.7518923, "_runtime": 567.3777554035187, "_step": 1019, "kl_divergence": 10.298216819763184, "_wandb": {"runtime": 566}}