{"train_loss": 191.74002075195312, "_timestamp": 1710699382.6474514, "_runtime": 1.5978853702545166, "_step": 15, "_wandb": {"runtime": 0}}