{"train_loss": 0.03651292802169884, "_timestamp": 1709552955.6234186, "_runtime": 6.509599685668945, "_step": 749, "_wandb": {"runtime": 6}}