{"train_loss": 0.19620025157928467, "mean_value": -0.002781506162136793, "_timestamp": 1709499982.0708039, "_runtime": 3.847754955291748, "_step": 199, "_wandb": {"runtime": 2}}