{"train_loss": 1509.330322265625, "_timestamp": 1711463901.057037, "_runtime": 23.348552227020264, "_step": 19}