{"train_loss": 0.23203924298286438, "mean_value": 0.001005683559924364, "_timestamp": 1709498400.0509765, "_runtime": 11.551134586334229, "_step": 2399, "_wandb": {"runtime": 10}}