{"train_loss": 0.4526976979973215, "mean_value": -0.06234683841466904, "_timestamp": 1709481816.4111664, "_runtime": 7.124897480010986, "_step": 799, "_wandb": {"runtime": 6}}