{"train_loss": -1.9427425021986557, "mean_value": 0.0262591615319252, "_timestamp": 1709417763.3349767, "_runtime": 5.081106662750244, "_step": 639, "_wandb": {"runtime": 4}}