{"train_loss": 90.44197082519531, "mean_value": -5.77386474609375, "_timestamp": 1709418485.9746623, "_runtime": 2.99810528755188, "_step": 64, "_wandb": {"runtime": 2}}