{"train_loss": -70.56751251220703, "_timestamp": 1710933285.923364, "_runtime": 8.861333847045898, "_step": 99, "_wandb": {"runtime": 7}}