{"train_loss": -5454.99894165755, "_timestamp": 1710931379.8977368, "_runtime": 2.9590346813201904, "_step": 41, "_wandb": {"runtime": 2}}