{"train_loss": 0.18895593273334554, "mean_value": 0.021158503368496895, "_timestamp": 1709504562.2939053, "_runtime": 7.990216255187988, "_step": 1199, "_wandb": {"runtime": 7}}