{"train_loss": -0.0294851661207262, "mean_value": -0.016351429745554924, "_timestamp": 1709506181.1486526, "_runtime": 7.215782642364502, "_step": 899, "_wandb": {"runtime": 6}}