{"train_loss": -0.11403722316026688, "mean_value": 0.00024221837520599365, "_timestamp": 1709500246.6723192, "_runtime": 6.386369228363037, "_step": 1199, "_wandb": {"runtime": 5}}