{"train_loss": 0.18210868537425995, "mean_value": -0.029725532978773117, "_timestamp": 1709498750.2468352, "_runtime": 13.024810314178467, "_step": 2399, "_wandb": {"runtime": 11}}