{"train_loss": -0.034636862179800505, "_timestamp": 1709547077.1151652, "_runtime": 7.527519226074219, "_step": 749, "_wandb": {"runtime": 7}}