{"train_loss": 0.2986595928668976, "mean_value": -0.056874629110097885, "_timestamp": 1709476064.4292393, "_runtime": 8.926314353942871, "_step": 1199, "_wandb": {"runtime": 8}}