{"train_loss": 8392.2802734375, "_timestamp": 1711450146.3964365, "_runtime": 510.54009437561035, "_step": 499, "_wandb": {"runtime": 511}}