{"train_loss": 0.7619695067405701, "_timestamp": 1710964714.115264, "_runtime": 2.7961740493774414, "_step": 0, "_wandb": {"runtime": 1}}