{"train_loss": -0.058602373303395135, "mean_value": -0.09299234300851822, "_timestamp": 1709482302.5329204, "_runtime": 4.17555832862854, "_step": 399, "_wandb": {"runtime": 3}}