{"train_loss": -0.053422275993239905, "mean_value": -0.08771403878927231, "_timestamp": 1709482337.5283217, "_runtime": 4.656672716140747, "_step": 399, "_wandb": {"runtime": 3}}