{"train_loss": 1498.26025390625, "_timestamp": 1711461780.257968, "_runtime": 3.809356927871704, "_step": 3}