{"train_loss": 36465.12109375, "log_model": -0.6259638667106628, "log_target": -570.382080078125, "regression_loss": 0.0001523410901427269, "_timestamp": 1712048182.9669313, "_runtime": 167.71008944511414, "_step": 1009, "kl_divergence": 8.479117393493652, "_wandb": {"runtime": 168}}