{"train_loss": 150.50169372558594, "_timestamp": 1710702893.2108786, "_runtime": 1.3501625061035156, "_step": 0, "_wandb": {"runtime": 0}}