{"train_loss": 0.1267552375793457, "_timestamp": 1710972035.121818, "_runtime": 15.910730123519897, "_step": 749, "_wandb": {"runtime": 16}}