{"train_loss": 1.196563959121704, "mean_value": -0.12354107201099396, "_timestamp": 1709413777.0524018, "_runtime": 2.5892698764801025, "_step": 0, "_wandb": {"runtime": 1}}