{"train_loss": -4.27086222154793e+16, "mean_value": -1.6825329065322876, "_timestamp": 1709214284.2531953, "_runtime": 2.969529390335083, "_step": 11, "_wandb": {"runtime": 2}}