{"train_loss": 104.26692962646484, "_timestamp": 1710752902.5308697, "_runtime": 1.1122326850891113, "_step": 0, "_wandb": {"runtime": 0}}