{"train_loss": -0.009402239109643088, "_timestamp": 1710853868.6085494, "_runtime": 6.131321430206299, "_step": 749, "_wandb": {"runtime": 6}}