{"train_loss": 897.48486328125, "_timestamp": 1710696367.031614, "_runtime": 1.3137741088867188, "_step": 0, "_wandb": {"runtime": 0}}