{"train_loss": 0.10938674211502075, "_timestamp": 1710972352.4001858, "_runtime": 24.408766746520996, "_step": 1499, "_wandb": {"runtime": 24}}