{"train_loss": 3037.11376953125, "_timestamp": 1711460160.2855866, "_runtime": 347.47221851348877, "_step": 1}