{"train_loss": 0.367594824565985, "mean_value": -0.022216862067580223, "_timestamp": 1709477044.118015, "_runtime": 5.407925128936768, "_step": 399, "_wandb": {"runtime": 4}}