{"train_loss": 0.13059760260608835, "mean_value": -0.009072944521903992, "_timestamp": 1709506253.042088, "_runtime": 4.661451101303101, "_step": 449, "_wandb": {"runtime": 4}}