{"train_loss": -4.27086222154793e+16, "mean_value": -1.6825329065322876, "_timestamp": 1709213329.630628, "_runtime": 2.857882022857666, "_step": 11, "_wandb": {"runtime": 1}}