{"train_loss": 0.4526976979973215, "mean_value": -0.06234683841466904, "_timestamp": 1709482134.6323733, "_runtime": 5.853292226791382, "_step": 799, "_wandb": {"runtime": 5}}