{"train_loss": 0.01929784225682104, "mean_value": 0.022304311394691467, "_timestamp": 1709506517.3647804, "_runtime": 6.7969114780426025, "_step": 899, "_wandb": {"runtime": 6}}