{"train_loss": -12737.92054374299, "_timestamp": 1710790085.767345, "_runtime": 1.0569970607757568, "_step": 0, "_wandb": {"runtime": 0}}