{"train_loss": 0.19096440076828003, "_timestamp": 1710972569.2873816, "_runtime": 27.281821727752686, "_step": 1499, "_wandb": {"runtime": 26}}