{"train_loss": -67.77803098596335, "mean_value": 2.407597303390503, "_timestamp": 1709457386.1647427, "_runtime": 4.853498697280884, "_step": 399, "_wandb": {"runtime": 3}}