{"train_loss": -127.85182773236102, "_timestamp": 1710930677.2136602, "_runtime": 3.346140146255493, "_step": 12, "_wandb": {"runtime": 2}}