{"train_loss": 0.18306741274179414, "mean_value": -0.016754142940044403, "_timestamp": 1709285120.929658, "_runtime": 4.316889047622681, "_step": 324, "val_loss": 0.2171180248260498, "_wandb": {"runtime": 3}}