{"train_loss": -5136.970930115117, "mean_value": -12.509157180786133, "_timestamp": 1709457572.5873613, "_runtime": 2.859210252761841, "_step": 88, "_wandb": {"runtime": 2}}