{"train_loss": 0.009751530097299607, "_timestamp": 1710853750.3932078, "_runtime": 6.993584871292114, "_step": 749, "_wandb": {"runtime": 6}}