{"train_loss": 602.2291259765625, "_timestamp": 1711891186.5077386, "_runtime": 341.5834686756134, "_step": 2019, "kl_divergence": 8.463886260986328, "_wandb": {"runtime": 342}}