{"train_loss": 48.88007736206055, "_timestamp": 1710854539.330567, "_runtime": 37.42940282821655, "_step": 749, "_wandb": {"runtime": 36}}