{"train_loss": 0.08457758277654648, "_timestamp": 1710973002.4525397, "_runtime": 14.583839654922485, "_step": 749, "_wandb": {"runtime": 13}}