{"train_loss": 0.30588431378879105, "mean_value": -0.0015656516188755631, "_timestamp": 1709289188.9284012, "_runtime": 4.56400728225708, "_step": 494, "val_loss": 0.21671904623508453, "_wandb": {"runtime": 3}}