{"train_loss": 0.18210868537425995, "mean_value": -0.029725532978773117, "_timestamp": 1709499609.939673, "_runtime": 11.798110961914062, "_step": 2399, "_wandb": {"runtime": 10}}