{"train_loss": 1158.16064453125, "_timestamp": 1711455696.185862, "_runtime": 130.16827917099, "_step": 270, "_wandb": {"runtime": 130}}