{"train_loss": 2395.64111328125, "_timestamp": 1712045604.5561965, "_runtime": 534.5706033706665, "_step": 1019, "kl_divergence": 10.003558158874512, "_wandb": {"runtime": 535}}