{"train_loss": 0.09224164485931396, "_timestamp": 1710972723.405593, "_runtime": 14.373427867889404, "_step": 749, "_wandb": {"runtime": 14}}