{"train_loss": 0.2250296990772757, "mean_value": -0.03367586061358452, "_timestamp": 1709476723.3654516, "_runtime": 6.282959461212158, "_step": 799, "_wandb": {"runtime": 5}}