{"train_loss": 1.2811081409454346, "mean_value": -0.1322166919708252, "_timestamp": 1709476003.5767286, "_runtime": 5.104963541030884, "_step": 399, "_wandb": {"runtime": 4}}