{"train_loss": 0.13354648334464175, "mean_value": 0.0206059068441391, "_timestamp": 1709504735.8137994, "_runtime": 11.418321371078491, "_step": 1799, "_wandb": {"runtime": 10}}