{"train_loss": 0.14250977750183913, "_timestamp": 1710854049.9143817, "_runtime": 6.342514753341675, "_step": 749, "_wandb": {"runtime": 6}}