{"train_loss": 0.15014606714248657, "_timestamp": 1710972095.2912323, "_runtime": 16.240416288375854, "_step": 749, "_wandb": {"runtime": 15}}