{"train_loss": 47.687278747558594, "_timestamp": 1710852063.0076444, "_runtime": 40.1600444316864, "_step": 749, "_wandb": {"runtime": 39}}