{"train_loss": 1.6263784511063761, "mean_value": 0.07060956954956055, "_timestamp": 1709505738.1388886, "_runtime": 17.649645566940308, "_step": 3599, "_wandb": {"runtime": 17}}