{"train_loss": 0.0860189384191813, "_timestamp": 1709554839.2394795, "_runtime": 6.496987581253052, "_step": 749, "_wandb": {"runtime": 6}}