{"train_loss": 0.07982814641430572, "_timestamp": 1710757649.2555184, "_runtime": 177.52494835853577, "_step": 749, "_wandb": {"runtime": 177}}