{"train_loss": 1540.198486328125, "_timestamp": 1711724367.7907248, "_runtime": 32.611947774887085, "_step": 110, "kl_divergence": 16.177452087402344}