{"train_loss": 0.26856482823696726, "mean_value": -0.039117563515901566, "_timestamp": 1709476905.91373, "_runtime": 7.914284944534302, "_step": 799, "_wandb": {"runtime": 7}}