{"train_loss": -0.3480382036672233, "mean_value": 0.011443562805652618, "_timestamp": 1709296340.9538164, "_runtime": 9.327890396118164, "_step": 1299, "val_loss": 0.21938034892082214, "_wandb": {"runtime": 8}}