{"train_loss": 55.78364562988281, "mean_value": -0.4164583384990692, "_timestamp": 1709470796.8298736, "_runtime": 3.6798176765441895, "_step": 120, "_wandb": {"runtime": 3}}