{"train_loss": 0.2292955219745636, "mean_value": 0.014113090932369232, "_timestamp": 1709499805.31152, "_runtime": 5.855286121368408, "_step": 799, "_wandb": {"runtime": 5}}