{"train_loss": -1830.8021083153637, "_timestamp": 1710794983.7692997, "_runtime": 1.231320858001709, "_step": 0, "_wandb": {"runtime": 0}}