{"train_loss": -0.12274074897589025, "mean_value": 0.015182455070316792, "_timestamp": 1709296524.9943042, "_runtime": 6.436465263366699, "_step": 659, "val_loss": 0.190371572971344, "_wandb": {"runtime": 5}}