{"train_loss": 0.10938674211502075, "_timestamp": 1710972252.2596192, "_runtime": 25.341790199279785, "_step": 1499, "_wandb": {"runtime": 25}}