{"train_loss": -366720.90625, "mean_value": -34.84989547729492, "_timestamp": 1709458662.4300134, "_runtime": 3.001744508743286, "_step": 80, "_wandb": {"runtime": 2}}