{"train_loss": 71.41888427734375, "_timestamp": 1710845422.9613984, "_runtime": 57.96957445144653, "_step": 749, "_wandb": {"runtime": 56}}