{"train_loss": -0.06539186319950974, "mean_value": -0.08074125647544861, "_timestamp": 1709484571.9634695, "_runtime": 4.656014442443848, "_step": 399, "_wandb": {"runtime": 3}}