{"train_loss": 0.25678263776066473, "mean_value": -0.01480519026517868, "_timestamp": 1709484680.077088, "_runtime": 3.0055081844329834, "_step": 99, "_wandb": {"runtime": 2}}