{"train_loss": 5.283786296844482, "mean_value": -0.005111532285809517, "_timestamp": 1708607029.3565469, "_runtime": 4.618017911911011, "_step": 329, "val_loss": 0.21583493053913116, "_wandb": {"runtime": 3}}