{"train_loss": 1.196563959121704, "mean_value": -0.12354107201099396, "_timestamp": 1709407327.8773103, "_runtime": 23478.076974391937, "_step": 0}