{"train_loss": -89.772705078125, "_timestamp": 1711456137.2877064, "_runtime": 48.60487937927246, "_step": 99, "_wandb": {"runtime": 48}}