{"train_loss": 0.09024950861930847, "_timestamp": 1710971493.6619284, "_runtime": 16.08896541595459, "_step": 749, "_wandb": {"runtime": 15}}