{"train_loss": -1.0931289330379623, "mean_value": -0.3660418391227722, "_timestamp": 1709464974.9473586, "_runtime": 3.547961711883545, "_step": 199, "_wandb": {"runtime": 2}}