{"train_loss": 1.0781893014316277, "mean_value": -0.06663428246974945, "_timestamp": 1709505672.1811302, "_runtime": 18.53219223022461, "_step": 3599, "_wandb": {"runtime": 17}}