{"train_loss": 8305.318359375, "_timestamp": 1711448287.7554739, "_runtime": 99.42340087890625, "_step": 99, "_wandb": {"runtime": 99}}