{"train_loss": 101.51765441894531, "_timestamp": 1710770146.4388978, "_runtime": 1.2051749229431152, "_step": 0, "_wandb": {"runtime": 0}}