{"train_loss": 145.21620178222656, "_timestamp": 1710704177.0845726, "_runtime": 1.4848895072937012, "_step": 0, "_wandb": {"runtime": 0}}