{"train_loss": 939.9283762931461, "mean_value": -19.359445571899414, "_timestamp": 1709470904.2299626, "_runtime": 3.2825746536254883, "_step": 85, "_wandb": {"runtime": 2}}