{"train_loss": 1509.330322265625, "_timestamp": 1711461957.0312161, "_runtime": 7.304930210113525, "_step": 19, "_wandb": {"runtime": 7}}