{"train_loss": 0.41900497428507333, "mean_value": 0.0014341645874083042, "_timestamp": 1709487493.8390164, "_runtime": 5.475594520568848, "_step": 599, "_wandb": {"runtime": 4}}