{"train_loss": -1265329.25, "_timestamp": 1710702757.8426237, "_runtime": 1.6784067153930664, "_step": 15}