{"train_loss": 0.7619695067405701, "_timestamp": 1710968239.4185805, "_runtime": 2.8618714809417725, "_step": 0, "_wandb": {"runtime": 1}}