{"train_loss": 1509.330322265625, "_timestamp": 1711464014.0747223, "_runtime": 21.777998208999634, "_step": 19}