{"train_loss": -4017647.740268817, "_timestamp": 1710932887.7775376, "_runtime": 4.351590633392334, "_step": 30, "_wandb": {"runtime": 3}}