{"train_loss": -0.053422275993239905, "mean_value": -0.08771403878927231, "_timestamp": 1709484439.1951797, "_runtime": 4.923323631286621, "_step": 399, "_wandb": {"runtime": 3}}