{"train_loss": 2350.343505859375, "_timestamp": 1711975929.9800072, "_runtime": 580.9326772689819, "_step": 1019, "kl_divergence": 9.997199058532715, "_wandb": {"runtime": 581}}