{"train_loss": 1466.00830078125, "_timestamp": 1711464165.6824203, "_runtime": 124.64280128479004, "_step": 403, "kl_divergence": 16.351367950439453, "_wandb": {"runtime": 124}}