{"train_loss": 2344.167724609375, "_timestamp": 1711998718.6628418, "_runtime": 558.2021148204803, "_step": 1019, "kl_divergence": 10.38541030883789, "_wandb": {"runtime": 559}}