{"train_loss": 0.2616352353635574, "_timestamp": 1710853459.4661753, "_runtime": 19.868656396865845, "_step": 78}