{"train_loss": -115456658942.19057, "mean_value": -12.466465950012207, "_timestamp": 1709202632.436365, "_runtime": 2.9112448692321777, "_step": 109, "val_loss": 6801552896.0, "_wandb": {"runtime": 2}}