{"train_loss": 0.17167742427846494, "mean_value": 0.004131676629185677, "_timestamp": 1709218195.931639, "_runtime": 3.8934998512268066, "_step": 324, "val_loss": 0.27789971232414246, "_wandb": {"runtime": 3}}