{"train_loss": -176.3781280517578, "_timestamp": 1710940209.5857873, "_runtime": 29.32130718231201, "_step": 499, "_wandb": {"runtime": 28}}