{"train_loss": 0.7619695067405701, "_timestamp": 1710950972.8717766, "_runtime": 4.930136680603027, "_step": 0, "_wandb": {"runtime": 1}}