{"train_loss": 0.1829453407212112, "mean_value": 0.01107803639024496, "_timestamp": 1709504527.355782, "_runtime": 8.167281150817871, "_step": 1199, "_wandb": {"runtime": 7}}