{"train_loss": 3019.80908203125, "_timestamp": 1711457788.454223, "_runtime": 46.78785586357117, "_step": 99, "_wandb": {"runtime": 47}}