{"train_loss": 0.7619695067405701, "_timestamp": 1710951180.6108494, "_runtime": 4.4968883991241455, "_step": 0, "_wandb": {"runtime": 1}}