{"train_loss": 0.7619695067405701, "_timestamp": 1710968041.309722, "_runtime": 3.008280038833618, "_step": 0, "_wandb": {"runtime": 1}}