{"train_loss": 0.10938674211502075, "_timestamp": 1710972160.029329, "_runtime": 28.03496813774109, "_step": 1499, "_wandb": {"runtime": 27}}