{"train_loss": 1540.690673828125, "_timestamp": 1711463748.5956633, "_runtime": 17.50710439682007, "_step": 0}