{"train_loss": 2619.4853515625, "_timestamp": 1711455215.3903265, "_runtime": 108.7674925327301, "_step": 99, "_wandb": {"runtime": 109}}