{"train_loss": 0.00609081076830372, "mean_value": 0.025397947058081627, "_timestamp": 1709504606.9528677, "_runtime": 8.706515789031982, "_step": 1199, "_wandb": {"runtime": 7}}