{"train_loss": -5137.027144753328, "mean_value": -12.50915813446045, "_timestamp": 1709458732.3165627, "_runtime": 3.6782546043395996, "_step": 88, "_wandb": {"runtime": 2}}