{"train_loss": -2130.9975059268736, "_timestamp": 1710932836.8340917, "_runtime": 3.3010897636413574, "_step": 21, "_wandb": {"runtime": 2}}