{"train_loss": -1164.0367342979716, "mean_value": -1.1586782932281494, "_timestamp": 1709217606.4449317, "_runtime": 3.3299248218536377, "_step": 90, "val_loss": 19.4925479888916, "_wandb": {"runtime": 2}}