{"train_loss": 89.35133361816406, "_timestamp": 1710750347.0677173, "_runtime": 1.4318432807922363, "_step": 0, "_wandb": {"runtime": 0}}