{"train_loss": -813.2047119140625, "_timestamp": 1711457593.9983764, "_runtime": 48.04652547836304, "_step": 99, "_wandb": {"runtime": 48}}