{"train_loss": 120.07109069824219, "_timestamp": 1710705192.413104, "_runtime": 1.1053130626678467, "_step": 0, "_wandb": {"runtime": 0}}