{"train_loss": 1.196563959121704, "mean_value": -0.12354107201099396, "_timestamp": 1709411521.3751578, "_runtime": 2.752764940261841, "_step": 0}