{"train_loss": 598.5588989257812, "_timestamp": 1712047338.700779, "_runtime": 173.50269985198975, "_step": 1009, "kl_divergence": 9.374171257019043, "_wandb": {"runtime": 174}}