{"train_loss": 8305.318359375, "_timestamp": 1711448126.2067144, "_runtime": 97.40856146812439, "_step": 99, "_wandb": {"runtime": 96}}