{"train_loss": 1509.330322265625, "_timestamp": 1711463417.8381412, "_runtime": 7.619432210922241, "_step": 19, "_wandb": {"runtime": 6}}