{"train_loss": -115456658942.19057, "mean_value": -12.466465950012207, "_timestamp": 1709204184.5104122, "_runtime": 3.188535213470459, "_step": 109, "val_loss": 6801552896.0, "_wandb": {"runtime": 2}}