{"train_loss": 478.4391174316406, "mean_value": 12.597639083862305, "_timestamp": 1709476635.1722696, "_runtime": 3.7328004837036133, "_step": 160, "_wandb": {"runtime": 3}}