{"train_loss": -448232.6844070198, "_timestamp": 1710854448.3867192, "_runtime": 3.287604331970215, "_step": 15, "_wandb": {"runtime": 2}}