{"train_loss": 0.48026881693221085, "mean_value": -0.019560903310775757, "_timestamp": 1709487059.5547304, "_runtime": 5.166637420654297, "_step": 599, "_wandb": {"runtime": 4}}