{"train_loss": 102.80145263671875, "_timestamp": 1710748676.3557906, "_runtime": 0.8927767276763916, "_step": 0, "_wandb": {"runtime": 0}}