{"train_loss": 1.196563959121704, "mean_value": -0.12354107201099396, "_timestamp": 1709417604.5735762, "_runtime": 2.5537891387939453, "_step": 0}