{"train_loss": -165.83840032425758, "_timestamp": 1710840317.688095, "_runtime": 1.3490331172943115, "_step": 0, "_wandb": {"runtime": 0}}