{"train_loss": -6867.346226675466, "mean_value": -53.49710464477539, "_timestamp": 1709476498.4483333, "_runtime": 6.827991247177124, "_step": 799, "_wandb": {"runtime": 5}}