{"train_loss": 15.121620951494481, "_timestamp": 1710942128.719141, "_runtime": 530.5904788970947, "_step": 0}