{"train_loss": 21.317109220325833, "_timestamp": 1710845528.8746445, "_runtime": 3.3223204612731934, "_step": 10, "_wandb": {"runtime": 2}}