{"train_loss": -448232.6844070198, "_timestamp": 1710927503.5541492, "_runtime": 7.47718620300293, "_step": 15, "_wandb": {"runtime": 6}}