{"train_loss": 131.468994140625, "_timestamp": 1710702707.2551148, "_runtime": 0.8583188056945801, "_step": 0, "_wandb": {"runtime": 0}}