{"train_loss": 0.17568383959771977, "mean_value": 0.026069438084959984, "_timestamp": 1709486857.2514498, "_runtime": 4.28640079498291, "_step": 199, "_wandb": {"runtime": 2}}