{"train_loss": -0.19213991739157243, "mean_value": 0.0220645722001791, "_timestamp": 1709296585.4953272, "_runtime": 5.97538423538208, "_step": 659, "val_loss": 0.19914084672927856, "_wandb": {"runtime": 5}}