{"train_loss": 0.23467746376991272, "mean_value": 0.002925324719399214, "_timestamp": 1709498466.2343552, "_runtime": 12.04711627960205, "_step": 2399, "_wandb": {"runtime": 11}}