{"train_loss": -0.8654441833496094, "_timestamp": 1710843342.1165867, "_runtime": 3.0313117504119873, "_step": 0, "_wandb": {"runtime": 2}}