{"train_loss": 1509.330322265625, "_timestamp": 1711463686.7872105, "_runtime": 7.45066237449646, "_step": 19, "_wandb": {"runtime": 9}}