{"train_loss": 348.1629023343745, "_timestamp": 1710931307.3949425, "_runtime": 3.251793622970581, "_step": 40, "_wandb": {"runtime": 2}}