{"train_loss": 671.7414986663975, "mean_value": -16.805856704711914, "_timestamp": 1709470932.4702842, "_runtime": 3.6906912326812744, "_step": 84, "_wandb": {"runtime": 3}}