{"train_loss": -1827185.8438468063, "_timestamp": 1710940416.9736652, "_runtime": 4.369310140609741, "_step": 20, "_wandb": {"runtime": 3}}