{"train_loss": 3.7963570377106475, "_timestamp": 1710931194.4167755, "_runtime": 2.7152934074401855, "_step": 6}