{"train_loss": 0.22289541356680379, "mean_value": 0.0208999402821064, "_timestamp": 1709218139.5790281, "_runtime": 3.3633742332458496, "_step": 164, "val_loss": 0.3051311671733856, "_wandb": {"runtime": 2}}