{"train_loss": 34.67956295673093, "_timestamp": 1710771475.9876308, "_runtime": 1.327340841293335, "_step": 0, "_wandb": {"runtime": 0}}