{"train_loss": 0.9955437960394752, "_timestamp": 1709755190.437861, "_runtime": 0.8356249332427979, "_step": 0, "_wandb": {"runtime": 0}}