{"train_loss": -353459.6493960705, "_timestamp": 1710931776.409244, "_runtime": 3.349447011947632, "_step": 20, "_wandb": {"runtime": 2}}