{"train_loss": 137.78680419921875, "_timestamp": 1710704222.1594956, "_runtime": 1.4265575408935547, "_step": 15, "_wandb": {"runtime": 0}}