{"train_loss": 23.375471812484392, "_timestamp": 1710789530.3223464, "_runtime": 1.1446805000305176, "_step": 0, "_wandb": {"runtime": 0}}