{"train_loss": 0.4054714168538581, "mean_value": 0.015288641676306725, "_timestamp": 1709487002.599843, "_runtime": 5.156525135040283, "_step": 599, "_wandb": {"runtime": 4}}