{"train_loss": -0.009946024130497225, "_timestamp": 1709759759.7561054, "_runtime": 5.082922458648682, "_step": 749, "_wandb": {"runtime": 5}}