{"train_loss": 0.14493305691638947, "_timestamp": 1710853969.7662032, "_runtime": 6.156948089599609, "_step": 749, "_wandb": {"runtime": 6}}