{"train_loss": -0.3807727759199329, "mean_value": 0.025660494342446327, "_timestamp": 1709291740.196605, "_runtime": 7.84517502784729, "_step": 1299, "val_loss": 0.21090953052043915, "_wandb": {"runtime": 7}}