{"train_loss": 0.0037490192616404855, "_timestamp": 1710853784.3738654, "_runtime": 6.538630247116089, "_step": 749, "_wandb": {"runtime": 6}}