{"train_loss": 0.34068716969395246, "mean_value": 0.0437500923871994, "_timestamp": 1709383768.7389615, "_runtime": 7.043052434921265, "_step": 659, "val_loss": 0.09098028391599655, "_wandb": {"runtime": 6}}