{"train_loss": -2094.731377278602, "mean_value": -24.668575286865234, "_timestamp": 1709455845.8259385, "_runtime": 3.023186445236206, "_step": 96, "_wandb": {"runtime": 2}}