{"train_loss": -65.1160213680018, "_timestamp": 1710933138.2925243, "_runtime": 3.9734973907470703, "_step": 15, "_wandb": {"runtime": 2}}