{"train_loss": 1.196563959121704, "mean_value": -0.12354107201099396, "_timestamp": 1709414747.8586934, "_runtime": 3.1876394748687744, "_step": 0, "_wandb": {"runtime": 1}}