{"train_loss": -12779.503255623238, "mean_value": -4.647189617156982, "_timestamp": 1709470877.2680986, "_runtime": 3.6667885780334473, "_step": 107, "_wandb": {"runtime": 3}}