{"train_loss": 0.1747427541803659, "mean_value": 0.09930859506130219, "_timestamp": 1709218229.5024092, "_runtime": 4.507739305496216, "_step": 324, "val_loss": 0.2689323425292969, "_wandb": {"runtime": 3}}