{"train_loss": 0.26519197033800124, "mean_value": -0.03443409502506256, "_timestamp": 1709476834.6834722, "_runtime": 7.441542148590088, "_step": 799, "_wandb": {"runtime": 6}}