{"train_loss": -62.52763299768751, "_timestamp": 1710933109.7263584, "_runtime": 3.7787513732910156, "_step": 15}