{"train_loss": 580.15380859375, "_timestamp": 1710697352.2637858, "_runtime": 139.81120991706848, "_step": 0}