{"train_loss": 88.12424657461925, "_timestamp": 1710941560.2348652, "_runtime": 3.7918241024017334, "_step": 100, "_wandb": {"runtime": 3}}