{"train_loss": 3049.20166015625, "_timestamp": 1711458433.0217748, "_runtime": 146.44169688224792, "_step": 299, "_wandb": {"runtime": 146}}