{"train_loss": -0.23375179678238323, "mean_value": 0.041803572326898575, "_timestamp": 1709289072.3994274, "_runtime": 5.2839624881744385, "_step": 659, "val_loss": 0.20699390769004822, "_wandb": {"runtime": 4}}