{"train_loss": 0.30082058906555176, "mean_value": -0.011637303978204727, "_timestamp": 1709497765.5461226, "_runtime": 6.171434640884399, "_step": 599, "_wandb": {"runtime": 4}}