{"train_loss": 6811.0029296875, "mean_value": 2.8251800537109375, "_timestamp": 1709470820.6266084, "_runtime": 5.122817277908325, "_step": 240, "_wandb": {"runtime": 3}}