{"train_loss": 0.22678330389436363, "mean_value": -0.0335121676325798, "_timestamp": 1709476784.1276803, "_runtime": 7.7145771980285645, "_step": 799, "_wandb": {"runtime": 7}}