{"train_loss": -0.022405192255973816, "mean_value": -0.06249485909938812, "_timestamp": 1709281886.3488536, "_runtime": 3.7108376026153564, "_step": 324, "val_loss": 0.3273802697658539, "_wandb": {"runtime": 3}}