{"train_loss": 1509.330322265625, "_timestamp": 1711463785.6981096, "_runtime": 20.91552758216858, "_step": 19}