{"train_loss": 0.10449402542661149, "_timestamp": 1710853944.7042754, "_runtime": 6.595486402511597, "_step": 749, "_wandb": {"runtime": 6}}