{"train_loss": 132.11056518554688, "_timestamp": 1710702847.335771, "_runtime": 1.3659591674804688, "_step": 0, "_wandb": {"runtime": 0}}