{"train_loss": 0.387989546543075, "mean_value": 0.01296982727944851, "_timestamp": 1709417554.0073104, "_runtime": 4.853173494338989, "_step": 639, "_wandb": {"runtime": 4}}