{"train_loss": 0.004486345652405526, "_timestamp": 1710973085.7848957, "_runtime": 12.30767560005188, "_step": 749, "_wandb": {"runtime": 11}}