{"train_loss": -508.14512547976136, "_timestamp": 1710841423.1207433, "_runtime": 1.4494292736053467, "_step": 0, "_wandb": {"runtime": 0}}