{"train_loss": 0.7619695067405701, "_timestamp": 1710967883.7722833, "_runtime": 2.66525936126709, "_step": 0, "_wandb": {"runtime": 1}}