{"train_loss": 0.7619695067405701, "_timestamp": 1710966964.5051644, "_runtime": 38.31436634063721, "_step": 0}