{"train_loss": 0.1747427541803659, "mean_value": 0.09930859506130219, "_timestamp": 1709218347.2570763, "_runtime": 4.280532360076904, "_step": 324, "val_loss": 0.2689323425292969, "_wandb": {"runtime": 3}}