{"train_loss": 0.05292786051266462, "mean_value": 0.006172533147037029, "_timestamp": 1709506762.542887, "_runtime": 6.955075025558472, "_step": 749, "_wandb": {"runtime": 5}}