{"train_loss": 0.27118413323964013, "mean_value": 0.05462157726287842, "_timestamp": 1709505191.0058956, "_runtime": 10.994659662246704, "_step": 1799, "_wandb": {"runtime": 10}}