{"train_loss": -0.27415592295586966, "mean_value": 0.02991698682308197, "_timestamp": 1709296018.4262326, "_runtime": 9.21376657485962, "_step": 1299, "val_loss": 0.2223922461271286, "_wandb": {"runtime": 8}}