{"train_loss": 132.25637817382812, "_timestamp": 1710700001.5792608, "_runtime": 1.236804723739624, "_step": 0, "_wandb": {"runtime": 0}}