{"train_loss": -10027.846654404779, "mean_value": -31.674030303955078, "_timestamp": 1709458858.3111293, "_runtime": 2.9672162532806396, "_step": 37, "_wandb": {"runtime": 2}}