{"train_loss": 0.4526976979973215, "mean_value": -0.06234683841466904, "_timestamp": 1709481784.367074, "_runtime": 6.007786989212036, "_step": 799, "_wandb": {"runtime": 5}}