{"train_loss": 0.48722660541534424, "mean_value": 0.04069644585251808, "_timestamp": 1709499915.5761416, "_runtime": 4.5114006996154785, "_step": 399, "_wandb": {"runtime": 3}}