{"train_loss": 0.06189599260687828, "_timestamp": 1710972770.1412055, "_runtime": 14.523770570755005, "_step": 749, "_wandb": {"runtime": 14}}