{"train_loss": 2.527241656218175, "mean_value": -0.1241626888513565, "_timestamp": 1709505463.0221398, "_runtime": 10.158901691436768, "_step": 1799, "_wandb": {"runtime": 9}}