{"train_loss": 0.7619695067405701, "_timestamp": 1710967941.590741, "_runtime": 2.545650005340576, "_step": 0, "_wandb": {"runtime": 1}}