{"train_loss": -0.02132625076197888, "mean_value": -0.0023579171393066645, "_timestamp": 1709505143.1621575, "_runtime": 11.187991619110107, "_step": 1799, "_wandb": {"runtime": 10}}