{"train_loss": 33.78540916580347, "_timestamp": 1710777127.9374034, "_runtime": 0.9135823249816895, "_step": 0, "_wandb": {"runtime": 0}}