{"train_loss": 1.196563959121704, "mean_value": -0.12354107201099396, "_timestamp": 1709414669.6502318, "_runtime": 2.802154779434204, "_step": 0, "_wandb": {"runtime": 1}}