{"train_loss": 0.055800927862194344, "mean_value": -0.003931693732738495, "_timestamp": 1709506371.4813008, "_runtime": 5.16132378578186, "_step": 449, "_wandb": {"runtime": 4}}