{"train_loss": 140.01248168945312, "_timestamp": 1710700085.1208897, "_runtime": 1.6044106483459473, "_step": 0, "_wandb": {"runtime": 0}}