{"train_loss": 0.3605471472462043, "mean_value": -0.02928401529788971, "_timestamp": 1709477151.284149, "_runtime": 5.9329609870910645, "_step": 399, "_wandb": {"runtime": 5}}