{"train_loss": 0.32766958768376386, "mean_value": -0.018640507012605667, "_timestamp": 1709484646.3195672, "_runtime": 3.309439182281494, "_step": 199, "_wandb": {"runtime": 2}}