{"train_loss": -0.10570795177627881, "mean_value": 0.03284107893705368, "_timestamp": 1709296633.0387368, "_runtime": 6.1269567012786865, "_step": 659, "val_loss": 0.2007388174533844, "_wandb": {"runtime": 5}}