{"train_loss": 1462.76611328125, "_timestamp": 1711460450.6115284, "_runtime": 107.074378490448, "_step": 399, "_wandb": {"runtime": 107}}