{"train_loss": -5098.337950495585, "mean_value": -10.998075485229492, "_timestamp": 1709455596.7869303, "_runtime": 3.1336324214935303, "_step": 97, "_wandb": {"runtime": 2}}