{"train_loss": 0.19443762302398682, "mean_value": 0.0020045130513608456, "_timestamp": 1709500652.5253458, "_runtime": 4.050358772277832, "_step": 299, "_wandb": {"runtime": 3}}