{"train_loss": 0.05887600779533386, "mean_value": -0.008935173973441124, "_timestamp": 1709497911.7111912, "_runtime": 6.6176230907440186, "_step": 1199, "_wandb": {"runtime": 5}}