{"train_loss": 0.5172682815046291, "mean_value": -0.04372166842222214, "_timestamp": 1709505849.3390641, "_runtime": 17.43690514564514, "_step": 3599, "_wandb": {"runtime": 16}}