{"train_loss": 98.96115549476099, "_timestamp": 1710770524.736632, "_runtime": 1.203301191329956, "_step": 0, "_wandb": {"runtime": 0}}