{"train_loss": 0.15270976665393002, "mean_value": -0.01959114521741867, "_timestamp": 1709216933.5283222, "_runtime": 3.9148123264312744, "_step": 329, "val_loss": 0.23718354105949402, "_wandb": {"runtime": 3}}