{"train_loss": 8305.318359375, "_timestamp": 1711444020.4484775, "_runtime": 114.22028040885925, "_step": 99, "_wandb": {"runtime": 111}}