{"train_loss": 0.22031233037942327, "mean_value": -0.006623147986829281, "_timestamp": 1709288838.7368624, "_runtime": 4.384242534637451, "_step": 324, "val_loss": 0.21899932622909546, "_wandb": {"runtime": 3}}