{"train_loss": -0.05412146769665064, "mean_value": 0.005063947290182114, "_timestamp": 1709506585.4669023, "_runtime": 6.829574346542358, "_step": 899, "_wandb": {"runtime": 6}}