{"train_loss": 34.80969184652255, "_timestamp": 1710771890.6716743, "_runtime": 0.963353157043457, "_step": 0, "_wandb": {"runtime": 0}}