{"train_loss": -83.9106224561628, "mean_value": 22.194625854492188, "_timestamp": 1709412744.1379, "_runtime": 437.38844323158264, "_step": 116, "val_loss": 102.05084991455078, "_wandb": {"runtime": 437}}