{"train_loss": 0.0715748849960294, "_timestamp": 1710853486.227471, "_runtime": 6.684909105300903, "_step": 749, "_wandb": {"runtime": 7}}