{"train_loss": -1137.461005909717, "_timestamp": 1710942675.3298938, "_runtime": 2.784557819366455, "_step": 23, "_wandb": {"runtime": 2}}