{"train_loss": -0.011313496974609802, "mean_value": 0.018504036590456963, "_timestamp": 1709506553.3868065, "_runtime": 6.764249563217163, "_step": 899, "_wandb": {"runtime": 6}}