{"train_loss": 0.09940771758556366, "_timestamp": 1710972911.4007509, "_runtime": 15.280767917633057, "_step": 749, "_wandb": {"runtime": 14}}