{"train_loss": 0.7619695067405701, "_timestamp": 1710967697.295688, "_runtime": 4.126610994338989, "_step": 0, "_wandb": {"runtime": 2}}