{"train_loss": 1.196563959121704, "mean_value": -0.12354107201099396, "_timestamp": 1709407532.5793521, "_runtime": 28.899179220199585, "_step": 0}