{"train_loss": -44290121.12114641, "_timestamp": 1710852173.7777166, "_runtime": 3.5815975666046143, "_step": 15, "_wandb": {"runtime": 2}}