{"train_loss": 0.014610714982560686, "_timestamp": 1710853574.8151507, "_runtime": 6.804638624191284, "_step": 749, "_wandb": {"runtime": 6}}