{"train_loss": 0.18713737092845872, "mean_value": 0.004518864676356316, "_timestamp": 1709217952.9505844, "_runtime": 7.499356508255005, "_step": 989, "val_loss": 0.2325110286474228, "_wandb": {"runtime": 6}}