{"train_loss": -115456658942.19057, "mean_value": -12.466465950012207, "_timestamp": 1709202229.6163278, "_runtime": 2.800865650177002, "_step": 109, "val_loss": 6801552896.0, "_wandb": {"runtime": 2}}