{"train_loss": 414.35205078125, "_timestamp": 1710697386.2979133, "_runtime": 1.2138383388519287, "_step": 0, "_wandb": {"runtime": 0}}