{"train_loss": 2536.08447265625, "_timestamp": 1711455516.7085643, "_runtime": 204.82139420509338, "_step": 199, "_wandb": {"runtime": 205}}