{"train_loss": 90.44197082519531, "mean_value": -5.77386474609375, "_timestamp": 1709418436.5252326, "_runtime": 3.4422965049743652, "_step": 64, "_wandb": {"runtime": 2}}