{"train_loss": -448232.6844070198, "_timestamp": 1710855257.7488658, "_runtime": 3.5475049018859863, "_step": 15, "_wandb": {"runtime": 2}}