{"train_loss": 2274.84912109375, "_timestamp": 1712044985.4109693, "_runtime": 51.44845533370972, "_step": 101, "kl_divergence": 7.122941493988037, "_wandb": {"runtime": 52}}