{"train_loss": -4552.5903796448465, "mean_value": -8.567239761352539, "_timestamp": 1709417737.8213673, "_runtime": 3.112337350845337, "_step": 125}