{"train_loss": 0.15270976665393002, "mean_value": -0.01959114521741867, "_timestamp": 1709210536.9703693, "_runtime": 4.289026260375977, "_step": 329, "val_loss": 0.23718354105949402, "_wandb": {"runtime": 3}}