{"train_loss": 0.10252129078201705, "mean_value": -0.003293696790933609, "_timestamp": 1709506405.5984006, "_runtime": 4.942322492599487, "_step": 449, "_wandb": {"runtime": 4}}