{"train_loss": 0.37586915493011475, "mean_value": 0.02085326798260212, "_timestamp": 1709497829.0074565, "_runtime": 4.62578558921814, "_step": 599, "_wandb": {"runtime": 4}}