{"train_loss": 1.196563959121704, "mean_value": -0.12354107201099396, "_timestamp": 1709413739.8910105, "_runtime": 3.227466583251953, "_step": 0, "_wandb": {"runtime": 1}}