{"train_loss": 0.15992410480976105, "mean_value": 0.013631829991936684, "_timestamp": 1709499663.4620676, "_runtime": 5.617741584777832, "_step": 799, "_wandb": {"runtime": 4}}