{"train_loss": 2409.96875, "_timestamp": 1712046938.1736314, "_runtime": 293.3488464355469, "_step": 509, "kl_divergence": 9.698380470275879, "_wandb": {"runtime": 294}}