{"train_loss": 0.09961889684200287, "_timestamp": 1710972495.8488145, "_runtime": 26.030705451965332, "_step": 1499, "_wandb": {"runtime": 25}}