{"train_loss": 2402.70458984375, "_timestamp": 1711974714.5611138, "_runtime": 54.532453775405884, "_step": 101, "kl_divergence": 6.932744979858398, "_wandb": {"runtime": 53}}