{"train_loss": 0.12069842964410782, "mean_value": -0.0056568318977952, "_timestamp": 1709476101.2890954, "_runtime": 6.295424461364746, "_step": 599, "_wandb": {"runtime": 5}}