{"train_loss": 2389.6015625, "_timestamp": 1711891654.328433, "_runtime": 334.89415407180786, "_step": 703, "kl_divergence": 7.767792701721191}