{"train_loss": -4206404.5942805195, "mean_value": -0.9048491716384888, "_timestamp": 1709413693.0608664, "_runtime": 3.3579654693603516, "_step": 17, "_wandb": {"runtime": 2}}