{"train_loss": 0.34938212427867527, "mean_value": 0.0003245025873184204, "_timestamp": 1709477087.4284372, "_runtime": 5.6694862842559814, "_step": 399, "_wandb": {"runtime": 5}}