{"train_loss": 0.16689791934061335, "mean_value": 0.007706260774284601, "_timestamp": 1709217457.374332, "_runtime": 5.916514873504639, "_step": 659, "val_loss": 0.267354816198349, "_wandb": {"runtime": 4}}