{"train_loss_component_0": 2298.855224609375, "_timestamp": 1711991752.1113858, "_runtime": 50.491917848587036, "_step": 99, "_wandb": {"runtime": 49}}