{"train_loss": 0.0862576812505722, "_timestamp": 1710971538.99834, "_runtime": 16.717752933502197, "_step": 749, "_wandb": {"runtime": 16}}