{"train_loss": -8.318324374765194, "mean_value": -0.4482842981815338, "_timestamp": 1709455873.3159401, "_runtime": 5.017886161804199, "_step": 399, "_wandb": {"runtime": 3}}