{"train_loss": 0.24819669127464294, "mean_value": -0.040383391082286835, "_timestamp": 1709500075.7248282, "_runtime": 3.995164155960083, "_step": 199, "_wandb": {"runtime": 2}}