{"train_loss": -2047088.0318889052, "_timestamp": 1710942704.2588854, "_runtime": 3.7690834999084473, "_step": 20, "_wandb": {"runtime": 2}}