{"train_loss": -194.73658752441406, "_timestamp": 1710940132.5828512, "_runtime": 4.341202259063721, "_step": 20, "_wandb": {"runtime": 3}}