{"train_loss": 34.06740072547384, "_timestamp": 1710776894.5354137, "_runtime": 1.2014517784118652, "_step": 0, "_wandb": {"runtime": 0}}