{"train_loss": -0.3509081755658822, "mean_value": 0.03432097285985947, "_timestamp": 1709296390.3018262, "_runtime": 9.479064226150513, "_step": 1299, "val_loss": 0.21853439509868622, "_wandb": {"runtime": 8}}