{"train_loss": 8356.2822265625, "_timestamp": 1711375335.3115323, "_runtime": 148.0991702079773, "_step": 149, "_wandb": {"runtime": 148}}