{"train_loss": 59384.79296875, "_timestamp": 1710695577.0670202, "_runtime": 1.026989221572876, "_step": 0, "_wandb": {"runtime": 0}}