{"train_loss": -0.006077450586336743, "mean_value": -0.014377446845173836, "_timestamp": 1709506134.374009, "_runtime": 6.729040861129761, "_step": 899, "_wandb": {"runtime": 6}}