{"train_loss": -10027.833560431058, "mean_value": -31.674034118652344, "_timestamp": 1709458786.5282474, "_runtime": 2.992682456970215, "_step": 37, "_wandb": {"runtime": 2}}