{"train_loss": 1.5289922823378405e-05, "_timestamp": 1709547784.4263325, "_runtime": 7.417022466659546, "_step": 749, "_wandb": {"runtime": 7}}