{"train_loss": 0.9116683648292564, "_timestamp": 1709756238.1981986, "_runtime": 1.7597506046295166, "_step": 0, "_wandb": {"runtime": 0}}