{"train_loss": 102.451171875, "_timestamp": 1710845620.6454604, "_runtime": 2.747279405593872, "_step": 0, "_wandb": {"runtime": 2}}