{"train_loss": 1509.330322265625, "_timestamp": 1711463336.8213625, "_runtime": 7.6950695514678955, "_step": 19, "_wandb": {"runtime": 6}}