{"train_loss": 0.037599554827574724, "_timestamp": 1710971589.92314, "_runtime": 18.02823495864868, "_step": 749, "_wandb": {"runtime": 12}}