{"train_loss": 541.5949096679688, "_timestamp": 1711465129.1220365, "_runtime": 123.58508443832397, "_step": 403, "kl_divergence": 26.25368309020996, "_wandb": {"runtime": 123}}