{"train_loss": -5136.970930115117, "mean_value": -12.509157180786133, "_timestamp": 1709457422.457368, "_runtime": 3.121856927871704, "_step": 88, "_wandb": {"runtime": 2}}