{"train_loss": 88.12500776950785, "_timestamp": 1710941455.5854776, "_runtime": 3.960519552230835, "_step": 100, "_wandb": {"runtime": 3}}