{"train_loss": -6.932614122166345, "mean_value": -1.173040747642517, "_timestamp": 1709201987.9664779, "_runtime": 3.802856922149658, "_step": 31, "_wandb": {"runtime": 3}}