{"train_loss": 1.2097776348623108, "mean_value": 0.06375584006309509, "_timestamp": 1709505621.5044706, "_runtime": 18.576293468475342, "_step": 3599, "_wandb": {"runtime": 17}}