{"train_loss": 0.037599554827574724, "_timestamp": 1710971786.929933, "_runtime": 12.938635110855103, "_step": 749, "_wandb": {"runtime": 12}}