{"train_loss": 0.09157786518335342, "_timestamp": 1710971438.1470556, "_runtime": 17.451538562774658, "_step": 749, "_wandb": {"runtime": 17}}