{"train_loss": 2.67414725765023, "mean_value": -0.055476412177085876, "_timestamp": 1709505369.8115323, "_runtime": 10.193453311920166, "_step": 1799, "_wandb": {"runtime": 9}}