{"train_loss": 526.7434692382812, "_timestamp": 1711464691.7474139, "_runtime": 116.06763291358948, "_step": 403, "kl_divergence": 26.646957397460938, "_wandb": {"runtime": 116}}