{"train_loss": -89.772705078125, "_timestamp": 1711457379.0605187, "_runtime": 46.17801380157471, "_step": 99, "_wandb": {"runtime": 46}}