{"train_loss": 0.010521702271332305, "_timestamp": 1710853700.414251, "_runtime": 6.636324167251587, "_step": 749, "_wandb": {"runtime": 6}}