{"train_loss": 1.8955604553766705, "mean_value": 0.009865274652838707, "_timestamp": 1709505564.697481, "_runtime": 18.29609203338623, "_step": 3599, "_wandb": {"runtime": 17}}