{"train_loss": -2904.523003408255, "_timestamp": 1710792455.721514, "_runtime": 1.8047170639038086, "_step": 0, "_wandb": {"runtime": 0}}