{"train_loss": -89.772705078125, "_timestamp": 1711455802.762065, "_runtime": 54.845316886901855, "_step": 99, "_wandb": {"runtime": 55}}