{"train_loss": 0.16900211572647095, "_timestamp": 1710971997.054139, "_runtime": 16.413455963134766, "_step": 749, "_wandb": {"runtime": 16}}