{"train_loss": 0.20996562015632964, "mean_value": -0.008516066707670689, "_timestamp": 1709217338.9373033, "_runtime": 5.755175352096558, "_step": 659, "val_loss": 0.23647835850715637, "_wandb": {"runtime": 4}}