{"train_loss": 0.08004014939069748, "_timestamp": 1710972447.4682236, "_runtime": 28.3475124835968, "_step": 1499, "_wandb": {"runtime": 28}}