{"train_loss": 0.14603224396705627, "_timestamp": 1710972396.7477992, "_runtime": 27.588467121124268, "_step": 1499, "_wandb": {"runtime": 27}}