{"train_loss": 2412.982666015625, "_timestamp": 1711962314.8118372, "_runtime": 188.20154213905334, "_step": 101, "kl_divergence": 6.939181804656982}