{"train_loss": -1137.4615699484102, "_timestamp": 1710942591.933808, "_runtime": 2.8356330394744873, "_step": 23, "_wandb": {"runtime": 2}}