{"train_loss": 1509.330322265625, "_timestamp": 1711461799.330937, "_runtime": 7.908805847167969, "_step": 19, "_wandb": {"runtime": 6}}