{"train_loss": -65.1160213680018, "_timestamp": 1710932942.6784966, "_runtime": 4.264532566070557, "_step": 15, "_wandb": {"runtime": 2}}