{"train_loss": 32.82591630428629, "_timestamp": 1710772122.625535, "_runtime": 1.4880750179290771, "_step": 0, "_wandb": {"runtime": 0}}