{"train_loss": 0.3283901810646057, "_timestamp": 1710972846.3460526, "_runtime": 14.436837673187256, "_step": 749, "_wandb": {"runtime": 14}}