{"train_loss": -1.0155567681466309, "mean_value": -0.5860270261764526, "_timestamp": 1709470674.2586935, "_runtime": 4.410709381103516, "_step": 199, "_wandb": {"runtime": 3}}