{"train_loss": 0.07217705994844437, "_timestamp": 1710971309.9211836, "_runtime": 15.897533655166626, "_step": 749, "_wandb": {"runtime": 15}}