{"train_loss": 0.4526976979973215, "mean_value": -0.06234683841466904, "_timestamp": 1709481981.0605593, "_runtime": 8.824572324752808, "_step": 799, "_wandb": {"runtime": 5}}