{"train_loss": 2364.5498046875, "_timestamp": 1711960017.333605, "_runtime": 57.05767297744751, "_step": 101, "kl_divergence": 7.235950946807861, "_wandb": {"runtime": 57}}