{"train_loss": 2403.54833984375, "_timestamp": 1711975306.0706077, "_runtime": 56.506128549575806, "_step": 101, "kl_divergence": 6.548905849456787, "_wandb": {"runtime": 56}}