{"train_loss": 0.22031233037942327, "mean_value": -0.006623147986829281, "_timestamp": 1709288989.6218426, "_runtime": 9.233879566192627, "_step": 324, "val_loss": 0.21899932622909546, "_wandb": {"runtime": 3}}