{"train_loss": 0.41900497428507333, "mean_value": 0.0014341645874083042, "_timestamp": 1709494506.5428572, "_runtime": 5.293805122375488, "_step": 599, "_wandb": {"runtime": 4}}