{"train_loss": 101.28923034667969, "_timestamp": 1710748572.3546982, "_runtime": 1.0360071659088135, "_step": 0, "_wandb": {"runtime": 0}}