{"train_loss": 0.18306741274179414, "mean_value": -0.016754142940044403, "_timestamp": 1709288410.9209063, "_runtime": 3.997194290161133, "_step": 324, "val_loss": 0.2171180248260498, "_wandb": {"runtime": 3}}