{"train_loss": 2.3980746269226074, "_timestamp": 1710939935.3536537, "_runtime": 30.27909255027771, "_step": 499, "_wandb": {"runtime": 29}}