{"train_loss": -249.55670166015625, "_timestamp": 1710940042.6751475, "_runtime": 4.065228462219238, "_step": 20, "_wandb": {"runtime": 3}}