{"train_loss": -0.0704879173351236, "mean_value": -0.007640004623681307, "_timestamp": 1709505904.315871, "_runtime": 18.94624900817871, "_step": 3599, "_wandb": {"runtime": 17}}