{"train_loss": -122.9522456240474, "_timestamp": 1710841636.0632987, "_runtime": 126.70966458320618, "_step": 0, "_wandb": {"runtime": 237}}