{"train_loss": 88.12500776950785, "_timestamp": 1710941342.155187, "_runtime": 4.954207897186279, "_step": 100, "_wandb": {"runtime": 3}}