{"train_loss": 0.009989111156076383, "mean_value": 0.025185301899909973, "_timestamp": 1709505974.4433765, "_runtime": 23.416473627090454, "_step": 3599, "_wandb": {"runtime": 18}}