{"train_loss": 0.2346774935722351, "mean_value": 0.0029253256507217884, "_timestamp": 1709498708.5146632, "_runtime": 11.396268129348755, "_step": 2399, "_wandb": {"runtime": 10}}