{"train_loss": 48.88007736206055, "_timestamp": 1710854810.6818953, "_runtime": 40.10030722618103, "_step": 749, "_wandb": {"runtime": 38}}