{"train_loss": 0.7619695067405701, "_timestamp": 1710950674.6916227, "_runtime": 3.21805477142334, "_step": 0, "_wandb": {"runtime": 2}}