{"train_loss": 0.22895628213882446, "_timestamp": 1710972670.3386548, "_runtime": 15.171202659606934, "_step": 749, "_wandb": {"runtime": 15}}