{"train_loss": 0.25452637672424316, "mean_value": -0.04498470574617386, "_timestamp": 1709500325.3863804, "_runtime": 4.07062840461731, "_step": 299, "_wandb": {"runtime": 3}}