{"train_loss": 252.81918334960938, "_timestamp": 1710699197.4022691, "_runtime": 1.1270751953125, "_step": 15, "_wandb": {"runtime": 0}}