{"train_loss": -4315.4736328125, "_timestamp": 1710699018.8845742, "_runtime": 1.3324100971221924, "_step": 17, "_wandb": {"runtime": 0}}