{"train_loss": 2949.966552734375, "_timestamp": 1711460274.018028, "_runtime": 89.61164808273315, "_step": 199, "_wandb": {"runtime": 89}}