{"train_loss": 0.34068716969395246, "mean_value": 0.0437500923871994, "_timestamp": 1709372747.9976056, "_runtime": 6.313428640365601, "_step": 659, "val_loss": 0.09098028391599655, "_wandb": {"runtime": 5}}