{"train_loss": 0.4526976979973215, "mean_value": -0.06234683841466904, "_timestamp": 1709477317.2584872, "_runtime": 7.301948308944702, "_step": 799, "_wandb": {"runtime": 6}}