{"train_loss": 0.0883349192804297, "mean_value": -0.01486251037567854, "_timestamp": 1709505077.4180217, "_runtime": 11.552884578704834, "_step": 1799, "_wandb": {"runtime": 10}}