{"train_loss": -1925.3258056640625, "_timestamp": 1710699168.0765448, "_runtime": 1.6292626857757568, "_step": 44}