{"train_loss": 211.15512084960938, "_timestamp": 1710699303.2424898, "_runtime": 1.4577078819274902, "_step": 15, "_wandb": {"runtime": 0}}