{"train_loss": 0.14250977750183913, "_timestamp": 1710854073.3046138, "_runtime": 7.142568826675415, "_step": 749, "_wandb": {"runtime": 7}}