{"train_loss": 0.0862576812505722, "_timestamp": 1710971946.9313595, "_runtime": 15.522116422653198, "_step": 749, "_wandb": {"runtime": 15}}