{"train_loss": 0.2541811651425251, "mean_value": 0.004756726324558258, "_timestamp": 1709217516.9687984, "_runtime": 6.822267293930054, "_step": 989, "val_loss": 0.2459992617368698, "_wandb": {"runtime": 6}}