{"train_loss": 468.6964416503906, "mean_value": 12.319692611694336, "_timestamp": 1709476565.2229395, "_runtime": 3.882687568664551, "_step": 160, "_wandb": {"runtime": 3}}