{"train_loss": 125.5791015625, "_timestamp": 1710705134.372017, "_runtime": 1.1265959739685059, "_step": 0, "_wandb": {"runtime": 0}}