{"train_loss": 2619.4853515625, "_timestamp": 1711455049.5322084, "_runtime": 100.29416155815125, "_step": 99, "_wandb": {"runtime": 100}}