{"train_loss": 3019.80908203125, "_timestamp": 1711457911.0023751, "_runtime": 46.346983194351196, "_step": 99, "_wandb": {"runtime": 46}}