{"train_loss": 0.18306741274179414, "mean_value": -0.016754142940044403, "_timestamp": 1709288292.9292264, "_runtime": 3.988811492919922, "_step": 324, "val_loss": 0.2171180248260498, "_wandb": {"runtime": 3}}