{"train_loss": 0.06693262882653411, "mean_value": 0.00814434140920639, "_timestamp": 1709506302.7872417, "_runtime": 5.049231767654419, "_step": 449, "_wandb": {"runtime": 4}}