{"train_loss": -906.8308857918961, "_timestamp": 1710932611.6178489, "_runtime": 3.7169718742370605, "_step": 20, "_wandb": {"runtime": 2}}