{"train_loss": 0.03818891368899101, "_timestamp": 1710853534.134252, "_runtime": 8.008222103118896, "_step": 749, "_wandb": {"runtime": 6}}