{"train_loss": 2.6459598541259766, "_timestamp": 1710939858.0345554, "_runtime": 7.5944273471832275, "_step": 99, "_wandb": {"runtime": 6}}