{"train_loss": 96.95399725876598, "_timestamp": 1710931271.0765345, "_runtime": 3.3656344413757324, "_step": 30, "_wandb": {"runtime": 2}}