{"train_loss": -5454.99894165755, "_timestamp": 1710931356.634477, "_runtime": 3.4986979961395264, "_step": 41, "_wandb": {"runtime": 2}}