{"train_loss": 2395.9541015625, "_timestamp": 1711995868.113813, "_runtime": 585.9018108844757, "_step": 1019, "kl_divergence": 10.220494270324707, "_wandb": {"runtime": 585}}