{"train_loss": 0.05227643996477127, "_timestamp": 1710971121.4880438, "_runtime": 15.377245903015137, "_step": 749, "_wandb": {"runtime": 15}}