{"train_loss": 0.12638093531131744, "_timestamp": 1710971204.8911173, "_runtime": 14.347803354263306, "_step": 749, "_wandb": {"runtime": 14}}