{"train_loss": 138.63455200195312, "_timestamp": 1710706043.5090756, "_runtime": 1.1300387382507324, "_step": 0, "_wandb": {"runtime": 0}}