{"train_loss": 79.04933166503906, "_timestamp": 1710843373.3807025, "_runtime": 7.452948570251465, "_step": 70, "_wandb": {"runtime": 6}}