{"train_loss": 0.23758460581302643, "mean_value": -0.008723081089556217, "_timestamp": 1709500296.96691, "_runtime": 3.9660799503326416, "_step": 299, "_wandb": {"runtime": 2}}