{"train_loss": 1.196563959121704, "mean_value": -0.12354107201099396, "_timestamp": 1709416463.6437464, "_runtime": 48.18014740943909, "_step": 0}