{"train_loss": 0.004486345652405526, "_timestamp": 1711013152.129295, "_runtime": 11.32519006729126, "_step": 749, "_wandb": {"runtime": 11}}