{"train_loss": 526.7434692382812, "_timestamp": 1711464885.2576542, "_runtime": 121.85996222496033, "_step": 403, "kl_divergence": 26.646957397460938, "_wandb": {"runtime": 121}}