{"train_loss": 0.7619695067405701, "_timestamp": 1710964398.4945765, "_runtime": 2.703526496887207, "_step": 0, "_wandb": {"runtime": 1}}