{"train_loss": 0.012213728488823402, "mean_value": -0.016303399577736855, "_timestamp": 1709506100.0837934, "_runtime": 11.01214051246643, "_step": 1799, "_wandb": {"runtime": 10}}