{"train_loss": -2047088.0318889052, "_timestamp": 1710942792.5891118, "_runtime": 3.7212767601013184, "_step": 20, "_wandb": {"runtime": 2}}