{"train_loss": -0.05412146769665064, "mean_value": 0.005063947290182114, "_timestamp": 1709506720.2891207, "_runtime": 7.30289363861084, "_step": 899, "_wandb": {"runtime": 6}}