{"train_loss": -0.06797713786363602, "mean_value": 0.008076146245002747, "_timestamp": 1709500142.7397232, "_runtime": 7.102126121520996, "_step": 1199, "_wandb": {"runtime": 6}}