{"train_loss": 0.3875551659915812, "mean_value": 0.016520965844392776, "_timestamp": 1709476408.7121117, "_runtime": 5.321737766265869, "_step": 599, "_wandb": {"runtime": 4}}