{"train_loss": 0.034965119776940674, "mean_value": -0.0011322342325001955, "_timestamp": 1709506016.799851, "_runtime": 10.811827898025513, "_step": 1799, "_wandb": {"runtime": 10}}