{"train_loss": 0.3999299094719141, "mean_value": 0.06365767121315002, "_timestamp": 1709289027.3186927, "_runtime": 5.478151798248291, "_step": 649, "val_loss": 0.21897420287132263, "_wandb": {"runtime": 4}}