{"train_loss": 32.87405410460613, "_timestamp": 1710771961.5651817, "_runtime": 1.4053456783294678, "_step": 0, "_wandb": {"runtime": 0}}