{"train_loss": 516.9182739257812, "_timestamp": 1710699043.4634132, "_runtime": 1.2728221416473389, "_step": 15, "_wandb": {"runtime": 0}}