{"train_loss": 414.25347900390625, "_timestamp": 1710697643.8961484, "_runtime": 1.3757715225219727, "_step": 0, "_wandb": {"runtime": 0}}