{"train_loss": 0.08512397110462189, "_timestamp": 1710972625.3745162, "_runtime": 25.342634201049805, "_step": 1499, "_wandb": {"runtime": 25}}