{"train_loss": 195.61920166015625, "_timestamp": 1710702655.0370824, "_runtime": 1.2095293998718262, "_step": 15, "_wandb": {"runtime": 0}}