{"train_loss": -123933.88211509003, "_timestamp": 1710940448.3200352, "_runtime": 3.6161272525787354, "_step": 11, "_wandb": {"runtime": 2}}