{"train_loss": 0.3942159209036055, "mean_value": 0.0038272005040198565, "_timestamp": 1709487267.6430178, "_runtime": 6.3999247550964355, "_step": 599, "_wandb": {"runtime": 4}}