{"train_loss": 0.43884918794634886, "mean_value": -0.003716282546520233, "_timestamp": 1709487244.114412, "_runtime": 6.4348530769348145, "_step": 599, "_wandb": {"runtime": 4}}