{"train_loss": 0.037599554827574724, "_timestamp": 1710971894.9618168, "_runtime": 13.34671688079834, "_step": 749, "_wandb": {"runtime": 13}}