{"train_loss": -0.03885729791767861, "mean_value": -0.002229140605777502, "_timestamp": 1709289125.1856334, "_runtime": 5.344774484634399, "_step": 659, "val_loss": 0.23001757264137268, "_wandb": {"runtime": 4}}