{"train_loss": 4.014484003070978, "mean_value": 0.07094325870275497, "_timestamp": 1709505520.591493, "_runtime": 10.858886003494263, "_step": 1799, "_wandb": {"runtime": 9}}