{"train_loss": -83.9106224561628, "mean_value": 22.194625854492188, "_timestamp": 1709407942.9921718, "_runtime": 3.350949764251709, "_step": 116, "val_loss": 102.05084991455078, "_wandb": {"runtime": 2}}