{"train_loss": -611739.0479238087, "_timestamp": 1710927551.4354463, "_runtime": 3.564948320388794, "_step": 15, "_wandb": {"runtime": 2}}