{"train_loss": -127.85182773236102, "_timestamp": 1710930910.7110493, "_runtime": 3.2663233280181885, "_step": 12, "_wandb": {"runtime": 2}}