{"train_loss": -366720.90625, "mean_value": -34.84989547729492, "_timestamp": 1709458551.654631, "_runtime": 3.0408718585968018, "_step": 80, "_wandb": {"runtime": 2}}