{"train_loss": 0.09590409616439355, "mean_value": 0.025902708992362022, "_timestamp": 1709417856.3007326, "_runtime": 5.878718614578247, "_step": 639, "_wandb": {"runtime": 4}}