{"train_loss": 2422.50341796875, "_timestamp": 1711962880.5071332, "_runtime": 55.43713426589966, "_step": 101, "kl_divergence": 6.5707502365112305, "_wandb": {"runtime": 55}}