{"train_loss": -7355738158530560.0, "mean_value": -1.5968743562698364, "_timestamp": 1709213778.928192, "_runtime": 2.409085988998413, "_step": 9, "_wandb": {"runtime": 1}}