{"train_loss": 0.07299901597055322, "mean_value": 0.008075319230556488, "_timestamp": 1709506446.3602598, "_runtime": 5.767850875854492, "_step": 449, "_wandb": {"runtime": 4}}