{"train_loss": 0.11862424958141302, "mean_value": 0.0011979596456512809, "_timestamp": 1709504444.43003, "_runtime": 4.6109302043914795, "_step": 299, "_wandb": {"runtime": 3}}