{"train_loss": 234.58807373046875, "_timestamp": 1710697200.3587594, "_runtime": 0.9489774703979492, "_step": 0, "_wandb": {"runtime": 0}}