{"train_loss": 184.13877868652344, "mean_value": -5.863193511962891, "_timestamp": 1709417920.2427924, "_runtime": 3.4538254737854004, "_step": 128, "_wandb": {"runtime": 2}}