{"train_loss": 260.3783264160156, "_timestamp": 1710699118.0508058, "_runtime": 3.1649699211120605, "_step": 15, "_wandb": {"runtime": 0}}