{"train_loss": 40.883390270236, "_timestamp": 1710789663.2441056, "_runtime": 2.823230504989624, "_step": 30, "_wandb": {"runtime": 2}}