{"train_loss": -0.3807727759199329, "mean_value": 0.025660494342446327, "_timestamp": 1709289330.9749653, "_runtime": 8.059223413467407, "_step": 1299, "val_loss": 0.21090953052043915, "_wandb": {"runtime": 6}}