{"train_loss": 0.04832063258637133, "mean_value": -0.01079840213060379, "_timestamp": 1709506058.2113817, "_runtime": 10.952870607376099, "_step": 1799, "_wandb": {"runtime": 10}}